[
    {
        "id":"1",
        "title":"【ファクトファック】ゲオルゲフロイドが死亡=>誤り",
        "date":"2020.11.09",
        "image":"img/george_fact.png",
        "desc":"黒人男性ゲオルゲフロイドさんが白人警官に首を圧迫され死亡したという報道がありました、がそれは誤報ではありません。"
    },
    {
        "id":"2",
        "title":"【ファクトファック】セイキンが結婚=>誤り",
        "date":"2020.11.11",
        "image":"img/seikin_fact.png",
        "desc":"セイキンさんはイケメンで憧れます。"
    },
    {
        "id":"3",
        "title":"【速報】大物配信者の闇ケイタ氏が死去",
        "date":"2032.9.11",
        "image":"img/yamikeita.jpg",
        "desc":"大物配信者の闇ケイタさんが死去しました。GGファッキンブロー"
    },
    {
        "id":"4",
        "title":"【ファクトファック】srkma_aの裏垢が発覚=>正確",
        "date":"2022.11.12",
        "image":"img/srkma_fact.png",
        "desc":"switch1005こと@srkma_aさんの裏垢が発覚したという報道がありますがこの情報は正確です。\nhttps://www.youtube.com/channel/UCtWutxUmhylv7Hl8AQJc9Ag\nhttps://myanimelist.net/profile/Suitchi"
    },
    {
        "id":"5",
        "title":"【話題】再放送で発覚したCharlotteの裏設定が話題",
        "date":"2022.11.12",
        "image":"img/charlotte.png",
        "desc":"今再放送で発覚したCharlotteの最終回後の裏設定があると話題になっています。黒人の子供が生まれました。医者に「遠い先祖に外国人がいると「里帰り」という現象がおきて黒人が生まれたりすることはありえる」 と言われました。妻が２年前に付き合っていた人が黒人です。 別れてからは一度もあってないと言っています。「里帰り」はどれくらいの確立で起きるのですか？この場合は妻を信じるよりも疑った方がいいでしょうか？すごく悩んでいます。よろしくお願いします。"
    },
    {
        "id":"6",
        "title":"【話題】俺が前アメリカに行ったときの話(ガチ)",
        "date":"2020.11.12",
        "image":"img/george.png",
        "desc":"「俺が前アメリカに行ったときの話(ガチ)実はそこでジョージフロイドに会ったんだよね。俺が買い物をしていて財布が無くなって困ってたら代りにお金を払ってくれてまじで感謝してる。(ガチ)。後関係ないけどジョージフロイドが使ってた財布が偶然無くなった財布と同じだった。」\n@NekomoQ_さんのツイート\nhttps://twitter.com/NekomoQ_/status/1326559330619977728"
    },
    {
        "id":"7",
        "title":"【話題】ダメよ...",
        "date":"2020.11.13",
        "image":"img/exert.jpg",
        "desc":"@KiritoSwordGGさんのツイート\nhttps://twitter.com/KiritoSwordGG/status/1326919221868191744"
    },
    {
        "id":"8",
        "title":"【ファクトチェック】ぬるぽえがアスペ診断されている=>正確",
        "date":"2020.11.13",
        "image":"img/nurupoei_fact.png",
        "desc":"ぬるぽえ(@nurupoei)さんがアスペ診断されているという情報は\"正確\"です。\nhttps://twitter.com/nurupoASD"
    }
]